,State,District,State-District,Center,"House Science, Space and Technology Committee",House Space and Aeronautics Subcommittee,House CJS,HouseCommitties,Award,Zip,Center_Abbreviation,Center_Name,NatLog_Award,Log10_Award
0,AK,0,AK-0,0.0,0.0,0.0,0.0,0.0,117819.668,0.0,,,11.676910497213958,5.071217794618179
1,AL,1,AL-1,0.0,0.0,0.0,0.0,0.0,145.59,0.0,,,4.9807944520852345,2.163131546034948
2,AL,2,AL-2,0.0,0.0,0.0,1.0,1.0,18894.761999999995,0.0,,,9.846640019779413,4.276341425877925
3,AL,3,AL-3,0.0,0.0,0.0,0.0,0.0,11544.949,0.0,,,9.354003304282086,4.062392018754495
4,AL,4,AL-4,0.0,0.0,0.0,1.0,1.0,929.538,0.0,,,6.834687688520573,2.968267148656576
5,AL,6,AL-6,0.0,0.0,0.0,0.0,0.0,91.81,0.0,,,4.519721224155608,1.962889987391791
6,AL,5,AL-5,1.0,1.0,1.0,0.0,2.0,10824219.741999993,35824.0,MSFC,Marshall Space Flight Center,16.197296749994024,7.0343966002718785
7,AL,7,AL-7,0.0,0.0,0.0,0.0,0.0,9760.392000000002,0.0,,,9.186087842535015,3.9894672602915047
8,AR,1,AR-1,0.0,0.0,0.0,0.0,0.0,0.0,0.0,,,0.0,0.0
9,AR,2,AR-2,0.0,0.0,0.0,0.0,0.0,7246.241,0.0,,,8.888238130631436,3.860112773975307
10,AR,3,AR-3,0.0,0.0,0.0,0.0,0.0,5272.901,0.0,,,8.570335964463265,3.7220496174233797
11,AR,4,AR-4,0.0,0.0,0.0,0.0,0.0,0.0,0.0,,,0.0,0.0
12,AZ,1,AZ-1,0.0,0.0,0.0,0.0,0.0,25031.093999999997,0.0,,,10.127874091021612,4.398479831141598
13,AZ,2,AZ-2,0.0,0.0,0.0,0.0,0.0,50967.41299999998,0.0,,,10.838941746699708,4.707292590262478
14,AZ,3,AZ-3,0.0,0.0,0.0,0.0,0.0,708088.303,0.0,,,13.470324086650159,5.850087420280624
15,AZ,4,AZ-4,0.0,0.0,0.0,0.0,0.0,223.763,0.0,,,5.410587456025852,2.3497882760069806
16,AZ,5,AZ-5,0.0,1.0,0.0,0.0,1.0,499559.43700000003,0.0,,,13.121481862984634,5.698587167487827
17,AZ,6,AZ-6,0.0,0.0,0.0,0.0,0.0,3198.048,0.0,,,8.070295902662123,3.5048849778525826
18,AZ,7,AZ-7,0.0,0.0,0.0,0.0,0.0,4518.689,0.0,,,8.415977186507522,3.655012451923871
19,AZ,8,AZ-8,0.0,0.0,0.0,0.0,0.0,8697.151,0.0,,,9.070750779747884,3.939377010364125
20,AZ,9,AZ-9,0.0,0.0,0.0,0.0,0.0,239465.66699999996,0.0,,,12.386165332738738,5.379243255949789
21,CA,1,CA-1,0.0,0.0,0.0,0.0,0.0,3851.691,0.0,,,8.256267551631838,3.585651438790579
22,CA,2,CA-2,0.0,0.0,0.0,0.0,0.0,23857.057000000004,0.0,,,10.079835343534707,4.377616868190493
23,CA,3,CA-3,0.0,0.0,0.0,0.0,0.0,34788.972,0.0,,,10.457055718988519,4.5414415957115555
24,CA,4,CA-4,0.0,0.0,0.0,0.0,0.0,4000.453,0.0,,,8.294162883689731,3.6021091723932126
25,CA,5,CA-5,0.0,0.0,0.0,0.0,0.0,147874.94000000006,0.0,,,11.904122195532508,5.169894581421791
26,CA,6,CA-6,0.0,0.0,0.0,0.0,0.0,340.7680000000001,0.0,,,5.831201893832974,2.532458805355452
27,CA,7,CA-7,0.0,1.0,1.0,0.0,2.0,2309.704,0.0,,,7.744874656777259,3.3635563264707047
28,CA,8,CA-8,0.0,0.0,0.0,0.0,0.0,929.157,0.0,,,6.834277723458703,2.968089103092433
29,CA,9,CA-9,0.0,1.0,0.0,0.0,1.0,172.55900000000003,0.0,,,5.150739206978343,2.2369376153134253
30,CA,10,CA-10,0.0,0.0,0.0,0.0,0.0,0.0,0.0,,,0.0,0.0
31,CA,11,CA-11,0.0,0.0,0.0,0.0,0.0,319.6450000000001,0.0,,,5.767211004981841,2.504667915435321
32,CA,12,CA-12,0.0,0.0,0.0,0.0,0.0,15760.639999999998,0.0,,,9.665270971724397,4.197573849119586
33,CA,13,CA-13,0.0,0.0,0.0,0.0,0.0,523201.84800000006,0.0,,,13.16772261122898,5.718669269289424
34,CA,14,CA-14,0.0,0.0,0.0,0.0,0.0,11036.241000000002,0.0,,,9.308939772721066,4.04282117566247
35,CA,15,CA-15,0.0,0.0,0.0,0.0,0.0,4844.817000000001,0.0,,,8.485664752713696,3.68527737738448
36,CA,16,CA-16,0.0,0.0,0.0,0.0,0.0,5378.509,0.0,,,8.590166477199656,3.7306618996781062
37,CA,17,CA-17,0.0,0.0,0.0,0.0,0.0,188782.285,0.0,,,12.148349698842127,5.275961238438167
38,CA,18,CA-18,1.0,0.0,0.0,0.0,0.0,5138715.742999999,94035.0,ARC,Ames Research Center,15.452313750764803,6.7108545945948945
39,CA,19,CA-19,0.0,1.0,1.0,0.0,2.0,120044.352,0.0,,,11.695616553478928,5.079341731632227
40,CA,20,CA-20,0.0,0.0,0.0,0.0,0.0,33076.559000000016,0.0,,,10.406580123170887,4.519520322977179
41,CA,21,CA-21,0.0,0.0,0.0,0.0,0.0,0.0,0.0,,,0.0,0.0
42,CA,22,CA-22,0.0,0.0,0.0,0.0,0.0,325.0,0.0,,,5.783825182329737,2.5118833609788744
43,CA,23,CA-23,1.0,0.0,0.0,0.0,0.0,478214.2050000001,93524.0,AFRC,Armstrong Flight Research Center,13.077814038709464,5.6796224723684
44,CA,24,CA-24,0.0,0.0,0.0,0.0,0.0,91257.1,0.0,,,11.421436076637013,4.960266663494181
45,CA,25,CA-25,0.0,0.0,0.0,0.0,0.0,313939.87200000003,0.0,,,12.656956756107894,5.496846476865741
46,CA,26,CA-26,0.0,0.0,0.0,0.0,0.0,70880.03400000003,0.0,,,11.168744064962821,4.850523917203047
47,CA,27,CA-27,1.0,0.0,0.0,0.0,0.0,27603567.45500003,91109.0,NMO,NASA Mgmt Office at JPL,17.133455577950535,7.440965213438408
48,CA,28,CA-28,0.0,0.0,0.0,0.0,0.0,107.10799999999999,0.0,,,4.6738376712093395,2.0298219099177612
49,CA,29,CA-29,0.0,0.0,0.0,0.0,0.0,14768.275999999998,0.0,,,9.600236645625417,4.169329800160503
50,CA,30,CA-30,0.0,1.0,0.0,0.0,1.0,3817152.810999999,0.0,,,15.155015365246161,6.5817395462854025
51,CA,31,CA-31,0.0,0.0,0.0,0.0,0.0,8800.702000000001,0.0,,,9.082586770011895,3.9445173156236457
52,CA,32,CA-32,0.0,0.0,0.0,0.0,0.0,734485.709,0.0,,,13.50692581763347,5.865983350074783
53,CA,33,CA-33,0.0,0.0,0.0,0.0,0.0,8202494.595999997,0.0,,,15.919948884993646,6.913945952934568
54,CA,34,CA-34,0.0,0.0,0.0,0.0,0.0,5991.2559999999985,0.0,,,8.698056351933802,3.7775178769283793
55,CA,35,CA-35,0.0,0.0,0.0,0.0,0.0,186.34900000000005,0.0,,,5.227621259664558,2.270327066552444
56,CA,36,CA-36,0.0,0.0,0.0,0.0,0.0,177.195,0.0,,,5.177250821068593,2.24845146301917
57,CA,37,CA-37,0.0,0.0,0.0,0.0,0.0,67483.99199999997,0.0,,,11.119645693179239,4.829200765267004
58,CA,38,CA-38,0.0,0.0,0.0,0.0,0.0,65051.009000000005,0.0,,,11.082926994965627,4.813254037250161
59,CA,39,CA-39,0.0,0.0,0.0,0.0,0.0,553.924,0.0,,,6.3170274932211585,2.7434501823370807
60,CA,40,CA-40,0.0,0.0,0.0,0.0,0.0,1659.0720000000001,0.0,,,7.414013688887044,3.2198652338388154
61,CA,41,CA-41,0.0,0.0,0.0,0.0,0.0,15203.393999999998,0.0,,,9.629273971382668,4.181940550506104
62,CA,42,CA-42,0.0,0.0,0.0,0.0,0.0,3588.755,0.0,,,8.185560624677075,3.554943810581789
63,CA,43,CA-43,0.0,0.0,0.0,0.0,0.0,622309.113,0.0,,,13.341192214512436,5.794006160773375
64,CA,44,CA-44,0.0,0.0,0.0,0.0,0.0,85.73600000000002,0.0,,,4.451272807410696,1.9331632177044615
65,CA,45,CA-45,0.0,0.0,0.0,0.0,0.0,70657.43099999997,0.0,,,11.165598563048686,4.849157843078922
66,CA,46,CA-46,0.0,0.0,0.0,0.0,0.0,9549.141999999994,0.0,,,9.16420658650672,3.979964351541304
67,CA,47,CA-47,0.0,0.0,0.0,0.0,0.0,17485.552,0.0,,,9.769130218916228,4.2426793470696245
68,CA,48,CA-48,0.0,0.0,0.0,0.0,0.0,27212.24500000001,0.0,,,10.211422334805283,4.434764372389554
69,CA,49,CA-49,0.0,0.0,0.0,0.0,0.0,78846.35600000003,0.0,,,11.275256376992262,4.89678162657219
70,CA,50,CA-50,0.0,0.0,0.0,0.0,0.0,6070.193000000001,0.0,,,8.71114567926471,3.783202499560018
71,CA,51,CA-51,0.0,0.0,0.0,0.0,0.0,28.428,0.0,,,3.3473745749646486,1.45374630677039
72,CA,52,CA-52,0.0,0.0,0.0,0.0,0.0,227051.97900000005,0.0,,,12.332934252629931,5.356125291592784
73,CA,53,CA-53,0.0,0.0,0.0,0.0,0.0,6961.377999999999,0.0,,,8.848132722237075,3.8426952164151595
74,CO,1,CO-1,0.0,0.0,0.0,0.0,0.0,6300.7869999999975,0.0,,,8.748429825212611,3.799394798407667
75,CO,2,CO-2,0.0,0.0,0.0,0.0,0.0,19434002.197000053,0.0,,,16.78253478043081,7.288562247490504
76,CO,3,CO-3,0.0,0.0,0.0,0.0,0.0,3830.2989999999986,0.0,,,8.25069814701267,3.5832326770969876
77,CO,4,CO-4,0.0,0.0,0.0,0.0,0.0,17021.100000000002,0.0,,,9.742209029886185,4.230987623227603
78,CO,5,CO-5,0.0,0.0,0.0,0.0,0.0,6037.733000000002,0.0,,,8.705783889348677,3.78087390378636
79,CO,6,CO-6,0.0,0.0,0.0,0.0,0.0,21798.63,0.0,,,9.989602402765714,4.3384291999286155
80,CO,7,CO-7,0.0,1.0,1.0,0.0,2.0,21386.615,0.0,,,9.970520538033957,4.330142051371189
81,CT,1,CT-1,0.0,0.0,0.0,0.0,0.0,84366.40800000001,0.0,,,11.34292459187858,4.926169558897562
82,CT,2,CT-2,0.0,0.0,0.0,0.0,0.0,8127.910999999999,0.0,,,9.003059219955164,3.9099789394747226
83,CT,3,CT-3,0.0,0.0,0.0,0.0,0.0,28682.35199999999,0.0,,,10.264037299719254,4.457614761317226
84,CT,4,CT-4,0.0,0.0,0.0,0.0,0.0,4999.759000000001,0.0,,,8.51714499025458,3.69894907083749
85,CT,5,CT-5,0.0,0.0,0.0,0.0,0.0,12655.183,0.0,,,9.445822133562146,4.10226842964564
86,DE,0,DE-0,0.0,0.0,0.0,0.0,0.0,43526.43700000001,0.0,,,10.68112377959972,4.638753118005763
87,FL,1,FL-1,0.0,0.0,0.0,0.0,0.0,17954.802,0.0,,,9.795612879030458,4.254180620223353
88,FL,2,FL-2,0.0,0.0,0.0,0.0,0.0,107185.429,0.0,,,11.58231559487294,5.030135750515297
89,FL,3,FL-3,0.0,0.0,0.0,0.0,0.0,33476.599999999984,0.0,,,10.41860196628047,4.524741343101978
90,FL,4,FL-4,0.0,0.0,0.0,0.0,0.0,10657.861,0.0,,,9.274053020925182,4.027670051865989
91,FL,5,FL-5,0.0,0.0,0.0,0.0,0.0,593.7849999999999,0.0,,,6.386517300979944,2.773629222395239
92,FL,6,FL-6,0.0,1.0,1.0,0.0,2.0,6213.130999999999,0.0,,,8.73442023466356,3.7933105105384897
93,FL,7,FL-7,0.0,0.0,0.0,0.0,0.0,49840.50000000001,0.0,,,10.816583185513743,4.697582390516116
94,FL,8,FL-8,1.0,1.0,1.0,0.0,2.0,7691418.025999999,32815.0,KSC,Kennedy Space Flight Center,15.855615723182085,6.886006415756418
95,FL,9,FL-9,0.0,0.0,0.0,0.0,0.0,253.40200000000002,0.0,,,5.5349771605157185,2.4038100382725056
96,FL,10,FL-10,0.0,0.0,0.0,0.0,0.0,3086.373,0.0,,,8.034751894057212,3.4894484110507484
97,FL,11,FL-11,0.0,0.0,0.0,0.0,0.0,27.997,0.0,,,3.3320973615778553,1.4471114972976469
98,FL,12,FL-12,0.0,0.0,0.0,0.0,0.0,144.06799999999996,0.0,,,4.970285410336397,2.158567527193337
99,FL,13,FL-13,0.0,1.0,1.0,1.0,3.0,2153.831,0.0,,,7.675003395956768,3.3332116234527427
100,FL,14,FL-14,0.0,0.0,0.0,0.0,0.0,19360.247,0.0,,,9.870977119013645,4.286910893780885
101,FL,15,FL-15,0.0,0.0,0.0,0.0,0.0,195169.201,0.0,,,12.181622158749983,5.290411284175495
102,FL,16,FL-16,0.0,0.0,0.0,0.0,0.0,942.323,0.0,,,6.848348103277348,2.9741997914059533
103,FL,17,FL-17,0.0,0.0,0.0,0.0,0.0,40.727,0.0,,,3.706891263165622,1.6098824206082045
104,FL,18,FL-18,0.0,0.0,0.0,0.0,0.0,206294.905,0.0,,,12.237062001711225,5.314488502051146
105,FL,19,FL-19,0.0,1.0,0.0,0.0,1.0,508.17,0.0,,,6.2308160372664005,2.706009022739084
106,FL,20,FL-20,0.0,0.0,0.0,0.0,0.0,5135.062000000003,0.0,,,8.543847196291717,3.7105456915740618
107,FL,21,FL-21,0.0,0.0,0.0,0.0,0.0,421.87,0.0,,,6.044697209704709,2.6251786429507384
108,FL,22,FL-22,0.0,0.0,0.0,0.0,0.0,11333.433,0.0,,,9.335512309009168,4.054361481542567
109,FL,23,FL-23,0.0,0.0,0.0,0.0,0.0,2131.37,0.0,,,7.664520244432098,3.328658848592623
110,FL,24,FL-24,0.0,0.0,0.0,0.0,0.0,1545.336,0.0,,,7.342996641415583,3.1890229220008988
111,FL,25,FL-25,0.0,0.0,0.0,0.0,0.0,454.5870000000001,0.0,,,6.1193893144411415,2.657617011879511
112,FL,26,FL-26,0.0,0.0,0.0,0.0,0.0,7567.84,0.0,,,8.931662968859177,3.8789719415951565
113,FL,27,FL-27,0.0,0.0,0.0,0.0,0.0,21279.598,0.0,,,9.9655040522997,4.327963419298255
114,GA,1,GA-1,0.0,0.0,0.0,0.0,0.0,514.2769999999998,0.0,,,6.242762030800884,2.7111971018119623
115,GA,2,GA-2,0.0,0.0,0.0,0.0,0.0,324.996,0.0,,,5.78381287456169,2.5118780157831266
116,GA,3,GA-3,0.0,0.0,0.0,0.0,0.0,202.533,0.0,,,5.310902836232535,2.3064957957001195
117,GA,4,GA-4,0.0,0.0,0.0,0.0,0.0,124.565,0.0,,,4.824827668017469,2.0953960323541216
118,GA,5,GA-5,0.0,0.0,0.0,0.0,0.0,79284.327,0.0,,,11.280795746222882,4.899187344062273
119,GA,6,GA-6,0.0,0.0,0.0,0.0,0.0,825.005,0.0,,,6.7153894469223765,2.9164565806297182
120,GA,7,GA-7,0.0,0.0,0.0,0.0,0.0,2839.2829999999994,0.0,,,7.95130683449192,3.4532086821394534
121,GA,8,GA-8,0.0,0.0,0.0,0.0,0.0,1084.452,0.0,,,6.9888300692597625,3.035210334039036
122,GA,9,GA-9,0.0,0.0,0.0,0.0,0.0,119.99700000000001,0.0,,,4.787466742469541,2.079170388549858
123,GA,10,GA-10,0.0,0.0,0.0,0.0,0.0,6341.536,0.0,,,8.754876289381697,3.8021944622240875
124,GA,11,GA-11,0.0,0.0,0.0,0.0,0.0,4687.088,0.0,,,8.452566773082488,3.6709031074685
125,GA,12,GA-12,0.0,0.0,0.0,0.0,0.0,56.608,0.0,,,4.036150317977374,1.752877811229629
126,GA,13,GA-13,0.0,0.0,0.0,0.0,0.0,133.20600000000002,0.0,,,4.891896802136836,2.124523787208192
127,GA,14,GA-14,0.0,0.0,0.0,1.0,1.0,0.0,0.0,,,0.0,0.0
128,HI,1,HI-1,0.0,0.0,0.0,1.0,1.0,113973.81300000002,0.0,,,11.643723990462814,5.056805077862511
129,HI,2,HI-2,0.0,0.0,0.0,0.0,0.0,30333.235,0.0,,,10.319999255067382,4.481918729721433
130,IA,1,IA-1,0.0,0.0,0.0,0.0,0.0,12573.039,0.0,,,9.439310038473362,4.099440262682953
131,IA,2,IA-2,0.0,0.0,0.0,0.0,0.0,28401.445000000003,0.0,,,10.25419530313663,4.453340436510481
132,IA,3,IA-3,0.0,0.0,0.0,0.0,0.0,6.369,0.0,,,1.8514424713892288,0.8040712488856612
133,IA,4,IA-4,0.0,0.0,0.0,0.0,0.0,7254.8,0.0,,,8.889418597743267,3.860625444328044
134,ID,1,ID-1,0.0,0.0,0.0,0.0,0.0,15049.078000000005,0.0,,,9.619072005841929,4.177509893167194
135,ID,2,ID-2,0.0,0.0,0.0,0.0,0.0,6912.471000000001,0.0,,,8.841082450523418,3.8396333223139996
136,IL,1,IL-1,0.0,0.0,0.0,0.0,0.0,21416.559999999994,0.0,,,9.971919733532205,4.330749714255183
137,IL,2,IL-2,0.0,0.0,0.0,0.0,0.0,86.87799999999999,0.0,,,4.464504835662828,1.9389098145587504
138,IL,3,IL-3,0.0,1.0,0.0,0.0,1.0,298.54,0.0,,,5.698903927205094,2.4750025284819435
139,IL,4,IL-4,0.0,0.0,0.0,0.0,0.0,8.97,0.0,,,2.1938856760707046,0.9527924430440922
140,IL,5,IL-5,0.0,0.0,0.0,0.0,0.0,163.52300000000002,0.0,,,5.096953653226695,2.213578846112974
141,IL,6,IL-6,0.0,0.0,0.0,0.0,0.0,1996.0179999999998,0.0,,,7.598909474866819,3.3001644534169965
142,IL,7,IL-7,0.0,0.0,0.0,0.0,0.0,6777.727999999999,0.0,,,8.821397221529965,3.8310841359871413
143,IL,8,IL-8,0.0,0.0,0.0,0.0,0.0,4373.625,0.0,,,8.383347463679323,3.640841543353552
144,IL,9,IL-9,0.0,0.0,0.0,0.0,0.0,19617.099000000006,0.0,,,9.88415686285987,4.292634783806198
145,IL,10,IL-10,0.0,0.0,0.0,0.0,0.0,1774.7270000000005,0.0,,,7.481401887263749,3.2491315565392203
146,IL,11,IL-11,0.0,1.0,0.0,0.0,1.0,1277.165,0.0,,,7.152398056769555,3.106247008430559
147,IL,12,IL-12,0.0,0.0,0.0,0.0,0.0,198.28400000000002,0.0,,,5.289700346440923,2.297287671381012
148,IL,13,IL-13,0.0,0.0,0.0,0.0,0.0,65954.28900000003,0.0,,,11.09671719014759,4.819243042922056
149,IL,14,IL-14,0.0,0.0,0.0,0.0,0.0,375.399,0.0,,,5.927989460323607,2.5744931113991787
150,IL,15,IL-15,0.0,0.0,0.0,0.0,0.0,1707.2160000000001,0.0,,,7.442619252574799,3.23228847230014
151,IL,16,IL-16,0.0,0.0,0.0,0.0,0.0,292.91700000000003,0.0,,,5.6798892924362026,2.4667445775264083
152,IL,17,IL-17,0.0,0.0,0.0,0.0,0.0,93.119,0.0,,,4.533878245093851,1.9690383034654586
153,IL,18,IL-18,0.0,0.0,0.0,0.0,0.0,0.0,0.0,,,0.0,0.0
154,IN,1,IN-1,0.0,0.0,0.0,0.0,0.0,40.002,0.0,,,3.688929452863978,1.6020817055092076
155,IN,2,IN-2,0.0,0.0,0.0,0.0,0.0,2703.158,0.0,,,7.902175998138212,3.4318714310197462
156,IN,3,IN-3,0.0,0.0,0.0,0.0,0.0,2292002.5430000005,0.0,,,14.644936466327495,6.36021509514974
157,IN,4,IN-4,0.0,1.0,0.0,0.0,1.0,50561.945,0.0,,,10.83095449722639,4.70382377189063
158,IN,5,IN-5,0.0,0.0,0.0,0.0,0.0,34.742,0.0,,,3.5479493296797315,1.5408548159522486
159,IN,6,IN-6,0.0,0.0,0.0,0.0,0.0,110.524,0.0,,,4.705232691944618,2.0434565941823304
160,IN,7,IN-7,0.0,0.0,0.0,0.0,0.0,5935.541,0.0,,,8.688713457059656,3.773460309239536
161,IN,8,IN-8,0.0,0.0,0.0,0.0,0.0,141311.355,0.0,,,11.858720926378034,5.150177060756599
162,IN,9,IN-9,0.0,0.0,0.0,0.0,0.0,29300.574999999993,0.0,,,10.285362419385978,4.46687614311441
163,KS,1,KS-1,0.0,1.0,0.0,0.0,1.0,1369.656,0.0,,,7.22231489240206,3.1366115043378926
164,KS,2,KS-2,0.0,0.0,0.0,0.0,0.0,10010.393,0.0,,,9.211379132277845,4.000451127867032
165,KS,3,KS-3,0.0,0.0,0.0,0.0,0.0,42534.467000000004,0.0,,,10.658070014474532,4.628740995024801
166,KS,4,KS-4,0.0,0.0,0.0,0.0,0.0,7516.726999999999,0.0,,,8.924886082838041,3.8760287773916895
167,KY,1,KY-1,0.0,0.0,0.0,0.0,0.0,0.0,0.0,,,0.0,0.0
168,KY,2,KY-2,0.0,0.0,0.0,0.0,0.0,999.3,0.0,,,6.907055033867744,2.999695887410839
169,KY,3,KY-3,0.0,0.0,0.0,0.0,0.0,2408.616,0.0,,,7.78680758766739,3.381767566966319
170,KY,4,KY-4,0.0,0.0,0.0,0.0,0.0,567.4380000000001,0.0,,,6.3411314922859,2.753918416122699
171,KY,5,KY-5,0.0,0.0,0.0,0.0,0.0,4652.389,0.0,,,8.445136130091011,3.6676760202203087
172,KY,6,KY-6,0.0,0.0,0.0,0.0,0.0,20838.686,0.0,,,9.944566442056036,4.318870330705191
173,LA,1,LA-1,0.0,0.0,0.0,0.0,0.0,4936.250999999998,0.0,,,8.504361415183771,3.693397234725241
174,LA,2,LA-2,0.0,0.0,0.0,0.0,0.0,11266.618999999999,0.0,,,9.32959956202482,4.051793608154374
175,LA,3,LA-3,0.0,0.0,0.0,0.0,0.0,604.23,0.0,,,6.403954920152899,2.781202284179584
176,LA,4,LA-4,0.0,0.0,0.0,0.0,0.0,18562.431,0.0,,,9.82889497836643,4.268634852311122
177,LA,5,LA-5,0.0,0.0,0.0,0.0,0.0,62.04,0.0,,,4.127779338308338,1.7926717891415673
178,LA,6,LA-6,0.0,0.0,0.0,0.0,0.0,8082.536999999999,0.0,,,8.997461087380636,3.9075477013886415
179,MA,1,MA-1,0.0,0.0,0.0,0.0,0.0,3397.6889999999994,0.0,,,8.130850773617128,3.531183624160705
180,MA,2,MA-2,0.0,0.0,0.0,0.0,0.0,15856.96,0.0,,,9.671363799641137,4.200219930663013
181,MA,3,MA-3,0.0,0.0,0.0,0.0,0.0,183041.42,0.0,,,12.117467745010611,5.2625493762987485
182,MA,4,MA-4,0.0,0.0,0.0,0.0,0.0,10004.054,0.0,,,9.210745689823804,4.000176027304639
183,MA,5,MA-5,0.0,0.0,0.0,0.0,0.0,1274461.9969999995,0.0,,,14.058034684385913,6.105326889833324
184,MA,6,MA-6,0.0,0.0,0.0,0.0,0.0,41811.40099999998,0.0,,,10.640924332519175,4.621294719963121
185,MA,7,MA-7,0.0,0.0,0.0,0.0,0.0,228084.21599999975,0.0,,,12.337470208157907,5.3580952320487425
186,MA,8,MA-8,0.0,0.0,0.0,0.0,0.0,10335.796,0.0,,,9.243368488985503,4.014343928964803
187,MA,9,MA-9,0.0,0.0,0.0,0.0,0.0,47559.87999999998,0.0,,,10.769744827672856,4.677240750164409
188,MD,1,MD-1,0.0,0.0,0.0,0.0,0.0,17810.208,0.0,,,9.787527055047628,4.250668991485969
189,MD,2,MD-2,0.0,0.0,0.0,0.0,0.0,8251.739000000001,0.0,,,9.01817924499487,3.9165454829157063
190,MD,3,MD-3,1.0,0.0,0.0,0.0,0.0,2660546.0899999985,20723.0,APL,NASA Management Office at APL,14.794041956679818,6.424970786831231
191,MD,4,MD-4,0.0,0.0,0.0,0.0,0.0,358983.766,0.0,,,12.791032446392249,5.555074809313605
192,MD,5,MD-5,1.0,0.0,0.0,0.0,0.0,14841108.27799999,20771.0,GSFC,Goddard Space Flight Center,16.51291147472089,7.171466333628171
193,MD,6,MD-6,0.0,0.0,0.0,0.0,0.0,21760.321999999996,0.0,,,9.98784349865451,4.337665317578923
194,MD,7,MD-7,0.0,0.0,0.0,0.0,0.0,3349252.1989999996,0.0,,,15.024247654703919,6.524947851185785
195,MD,8,MD-8,0.0,0.0,0.0,0.0,0.0,85246.08100000003,0.0,,,11.353297423414594,4.930674422395365
196,ME,1,ME-1,0.0,0.0,0.0,0.0,0.0,21581.144,0.0,,,9.97957524945523,4.334074462576674
197,ME,2,ME-2,0.0,0.0,0.0,0.0,0.0,5017.3229999999985,0.0,,,8.520651803516124,3.7004720604860433
198,MI,1,MI-1,0.0,0.0,0.0,0.0,0.0,26604.308000000005,0.0,,,10.188828436543732,4.424951967049879
199,MI,2,MI-2,0.0,0.0,0.0,0.0,0.0,377.20200000000006,0.0,,,5.932780852972181,2.576573986787086
200,MI,3,MI-3,0.0,0.0,0.0,0.0,0.0,694.7570000000002,0.0,,,6.543562144138606,2.8418329311904076
201,MI,4,MI-4,0.0,0.0,0.0,1.0,1.0,0.0,0.0,,,0.0,0.0
202,MI,5,MI-5,0.0,0.0,0.0,0.0,0.0,0.0,0.0,,,0.0,0.0
203,MI,6,MI-6,0.0,0.0,0.0,0.0,0.0,2575.893,0.0,,,7.853951549094467,3.410927818907224
204,MI,7,MI-7,0.0,0.0,0.0,0.0,0.0,3744.417,0.0,,,8.228021209600518,3.573384208312425
205,MI,8,MI-8,0.0,0.0,0.0,0.0,0.0,12302.088,0.0,,,9.417524283051135,4.089978829318985
206,MI,9,MI-9,0.0,0.0,0.0,0.0,0.0,3332.3260000000005,0.0,,,8.111425837636451,3.5227474816529734
207,MI,10,MI-10,0.0,0.0,0.0,0.0,0.0,63.458,0.0,,,4.150378269742875,1.8024863803604967
208,MI,11,MI-11,0.0,1.0,0.0,0.0,1.0,8264.143,0.0,,,9.019681314618785,3.9171978234648064
209,MI,12,MI-12,0.0,0.0,0.0,0.0,0.0,205475.57000000004,0.0,,,12.233082425072958,5.312760193876835
210,MI,13,MI-13,0.0,0.0,0.0,0.0,0.0,3158.8809999999994,0.0,,,8.057973129943766,3.4995332656592524
211,MI,14,MI-14,0.0,0.0,0.0,1.0,1.0,965.342,0.0,,,6.872482442697748,2.9846812018406133
212,MN,1,MN-1,0.0,0.0,0.0,0.0,0.0,959.85,0.0,,,6.866777022253579,2.9822033692247722
213,MN,2,MN-2,0.0,0.0,0.0,0.0,0.0,1813.0720000000001,0.0,,,7.502777923148874,3.258415050969096
214,MN,3,MN-3,0.0,0.0,0.0,0.0,0.0,5317.579999999999,0.0,,,8.578773591625069,3.725714032340108
215,MN,4,MN-4,0.0,0.0,0.0,0.0,0.0,7300.780000000002,0.0,,,8.89573647074357,3.8633692617094404
216,MN,5,MN-5,0.0,0.0,0.0,0.0,0.0,40798.726,0.0,,,10.61640613441453,4.610646601820063
217,MN,6,MN-6,0.0,0.0,0.0,0.0,0.0,207.578,0.0,,,5.335507172651147,2.317181323237614
218,MN,7,MN-7,0.0,0.0,0.0,0.0,0.0,47.31,0.0,,,3.8567216896430567,1.6749529480485654
219,MN,8,MN-8,0.0,0.0,0.0,0.0,0.0,1186.5739999999998,0.0,,,7.078825442241152,3.0742948279216784
220,MO,1,MO-1,0.0,0.0,0.0,0.0,0.0,164300.95600000006,0.0,,,12.009455122632898,5.215640090424208
221,MO,2,MO-2,0.0,0.0,0.0,0.0,0.0,954.98,0.0,,,6.861690397853058,2.979994276316112
222,MO,3,MO-3,0.0,0.0,0.0,0.0,0.0,930.7759999999997,0.0,,,6.836018646824122,2.9688451765034505
223,MO,4,MO-4,0.0,0.0,0.0,0.0,0.0,4514.125,0.0,,,8.414966648620128,3.6545735808956215
224,MO,5,MO-5,0.0,0.0,0.0,0.0,0.0,861.4929999999998,0.0,,,6.758666930572233,2.9352517529695095
225,MO,6,MO-6,0.0,0.0,0.0,0.0,0.0,5.0,0.0,,,1.6094379124341003,0.6989700043360189
226,MO,7,MO-7,0.0,0.0,0.0,0.0,0.0,1047.604,0.0,,,6.954260930877508,3.0201971479954732
227,MO,8,MO-8,0.0,0.0,0.0,0.0,0.0,6375.391,0.0,,,8.760200701479148,3.80450682501739
228,MS,1,MS-1,0.0,0.0,0.0,0.0,0.0,6951.241,0.0,,,8.846675483769772,3.842062345789993
229,MS,2,MS-2,0.0,0.0,0.0,0.0,0.0,504.507,0.0,,,6.22358171482129,2.702867196420864
230,MS,3,MS-3,0.0,0.0,0.0,0.0,0.0,2852.324,0.0,,,7.955889379569764,3.4551988561798344
231,MS,4,MS-4,1.0,0.0,0.0,0.0,0.0,3645208.5020000013,39556.0,SSC,Stennis Space Center/NASA Shared Services Center,15.1089241239837,6.561722374541044
232,MT,0,MT-0,0.0,0.0,0.0,0.0,0.0,49956.93300000003,0.0,,,10.818916573243836,4.698595767931437
233,NC,1,NC-1,0.0,0.0,0.0,0.0,0.0,10526.463,0.0,,,9.261647651265944,4.022282468277012
234,NC,2,NC-2,0.0,0.0,0.0,0.0,0.0,2442.686,0.0,,,7.800853532501696,3.387867643300976
235,NC,3,NC-3,0.0,1.0,0.0,0.0,1.0,1238.171,0.0,,,7.121390569715715,3.09278062790539
236,NC,4,NC-4,0.0,0.0,0.0,0.0,0.0,19026.314,0.0,,,9.853578247361952,4.2793546598312115
237,NC,5,NC-5,0.0,0.0,0.0,0.0,0.0,2141.193,0.0,,,7.669118429319038,3.3306558149157923
238,NC,6,NC-6,0.0,0.0,0.0,0.0,0.0,861.1999999999998,0.0,,,6.7583267654902075,2.9351040211514494
239,NC,7,NC-7,0.0,0.0,0.0,0.0,0.0,6544.635,0.0,,,8.786400909027272,3.8158854305802596
240,NC,8,NC-8,0.0,0.0,0.0,0.0,0.0,0.0,0.0,,,0.0,0.0
241,NC,9,NC-9,0.0,0.0,0.0,0.0,0.0,14737.672,0.0,,,9.59816221568507,4.168428886684316
242,NC,10,NC-10,0.0,0.0,0.0,0.0,0.0,93.534,0.0,,,4.538325006558599,1.9709695074319387
243,NC,11,NC-11,0.0,0.0,0.0,0.0,0.0,2039.5370000000007,0.0,,,7.620478100294452,3.309531588422456
244,NC,12,NC-12,0.0,0.0,0.0,0.0,0.0,1249.774,0.0,,,7.130718013950056,3.0968314854666246
245,NC,13,NC-13,0.0,0.0,0.0,0.0,0.0,2245.508,0.0,,,7.716687055202364,3.3513146066486406
246,ND,0,ND-0,0.0,0.0,0.0,0.0,0.0,13708.191,0.0,,,9.525748816366937,4.136980146944593
247,NE,1,NE-1,0.0,0.0,0.0,0.0,0.0,6242.078,0.0,,,8.739068418747523,3.795329191237026
248,NE,2,NE-2,0.0,0.0,0.0,0.0,0.0,7274.843000000001,0.0,,,8.892177511050813,3.86182362515356
249,NE,3,NE-3,0.0,0.0,0.0,0.0,0.0,220.925,0.0,,,5.397823277404068,2.3442448636655127
250,NH,1,NH-1,0.0,0.0,0.0,0.0,0.0,84862.15799999997,0.0,,,11.348783548553174,4.928714071451048
251,NH,2,NH-2,0.0,0.0,0.0,0.0,0.0,78124.25400000003,0.0,,,11.266055838193113,4.892785883341183
252,NJ,1,NJ-1,0.0,0.0,0.0,0.0,0.0,516.414,0.0,,,6.246908769371845,2.7129980074912257
253,NJ,2,NJ-2,0.0,0.0,0.0,0.0,0.0,10.056,0.0,,,2.3081694712879464,1.0024252646779013
254,NJ,3,NJ-3,0.0,0.0,0.0,0.0,0.0,1063.81,0.0,,,6.9696120825272425,3.0268640684478125
255,NJ,4,NJ-4,0.0,0.0,0.0,0.0,0.0,738.061,0.0,,,6.604026477011226,2.868092257308948
256,NJ,5,NJ-5,0.0,0.0,0.0,0.0,0.0,1788.1999999999996,0.0,,,7.488964806301217,3.252416090544274
257,NJ,6,NJ-6,0.0,0.0,0.0,0.0,0.0,17164.51,0.0,,,9.750599159023514,4.2346314100144
258,NJ,7,NJ-7,0.0,0.0,0.0,0.0,0.0,10335.642,0.0,,,9.243353589199625,4.014337458070014
259,NJ,8,NJ-8,0.0,0.0,0.0,0.0,0.0,1865.915,0.0,,,7.531506828386915,3.2708918559850986
260,NJ,9,NJ-9,0.0,0.0,0.0,0.0,0.0,3369.006,0.0,,,8.122373024348867,3.52750178443454
261,NJ,10,NJ-10,0.0,0.0,0.0,0.0,0.0,11992.836999999998,0.0,,,9.39206483387779,4.078921931030705
262,NJ,11,NJ-11,0.0,1.0,0.0,0.0,1.0,6643.414999999999,0.0,,,8.801381417488761,3.82239138274119
263,NJ,12,NJ-12,0.0,0.0,0.0,0.0,0.0,45949.210999999996,0.0,,,10.735291956798545,4.662278058457971
264,NM,1,NM-1,0.0,0.0,0.0,0.0,0.0,123485.49600000006,0.0,,,11.723878986857853,5.0916159504938525
265,NM,2,NM-2,0.0,0.0,0.0,0.0,0.0,53193.851,0.0,,,10.881698085942773,4.725861432462124
266,NM,3,NM-3,0.0,0.0,0.0,0.0,0.0,17981.038000000004,0.0,,,9.797073037171266,4.254814758846613
267,NV,2,NV-2,0.0,0.0,0.0,0.0,0.0,136988.089,0.0,,,11.827649259424781,5.136682807255266
268,NV,1,NV-1,0.0,0.0,0.0,0.0,0.0,5175.435000000001,0.0,,,8.551678672571912,3.7139468585077067
269,NV,3,NV-3,0.0,0.0,0.0,0.0,0.0,2496.894,0.0,,,7.822802838437577,3.397400105750535
270,NV,4,NV-4,0.0,0.0,0.0,0.0,0.0,10456.638,0.0,,,9.254992271040111,4.019392073369965
271,NY,1,NY-1,0.0,0.0,0.0,0.0,0.0,27078.618,0.0,,,10.20649969175052,4.4326264956744925
272,NY,2,NY-2,0.0,0.0,0.0,0.0,0.0,4324.66,0.0,,,8.372088803559075,3.635951969389704
273,NY,3,NY-3,0.0,0.0,0.0,0.0,0.0,640.1880000000001,0.0,,,6.461761883217633,2.806307529254183
274,NY,4,NY-4,0.0,0.0,0.0,0.0,0.0,683.596,0.0,,,6.5273670998492435,2.8347995128213586
275,NY,5,NY-5,0.0,0.0,0.0,0.0,0.0,747.4,0.0,,,6.616600517051383,2.873553093513619
276,NY,6,NY-6,0.0,0.0,0.0,1.0,1.0,1120.579,0.0,,,7.021600794994853,3.049442479393751
277,NY,7,NY-7,0.0,0.0,0.0,0.0,0.0,17044.750000000004,0.0,,,9.743597517406654,4.231590635695933
278,NY,8,NY-8,0.0,0.0,0.0,0.0,0.0,1724.447,0.0,,,7.452661698358655,3.236649851088881
279,NY,9,NY-9,0.0,0.0,0.0,0.0,0.0,0.0,0.0,,,0.0,0.0
280,NY,10,NY-10,0.0,0.0,0.0,0.0,0.0,71043.38100000001,0.0,,,11.171045969438952,4.8515236216148985
281,NY,11,NY-11,0.0,0.0,0.0,0.0,0.0,0.0,0.0,,,0.0,0.0
282,NY,12,NY-12,0.0,0.0,0.0,0.0,0.0,3270.502,0.0,,,8.09269876892837,3.5146144190508304
283,NY,13,NY-13,0.0,0.0,0.0,0.0,0.0,62090.681,0.0,,,11.03635119224854,4.793026423139916
284,NY,14,NY-14,0.0,0.0,0.0,0.0,0.0,248.627,0.0,,,5.51595378138512,2.3955482896889335
285,NY,15,NY-15,0.0,0.0,0.0,2.0,2.0,1027.716,0.0,,,6.935094143255578,3.0118731178954574
286,NY,16,NY-16,0.0,0.0,0.0,0.0,0.0,818.2230000000001,0.0,,,6.707134915586639,2.9128716832199104
287,NY,17,NY-17,0.0,0.0,0.0,0.0,0.0,10724.396999999999,0.0,,,9.280276518439377,4.030372882494543
288,NY,18,NY-18,0.0,0.0,0.0,0.0,0.0,103.48899999999999,0.0,,,4.639465326864047,2.0148941904385222
289,NY,19,NY-19,0.0,0.0,0.0,0.0,0.0,625.0,0.0,,,6.437751649736401,2.7958800173440754
290,NY,20,NY-20,0.0,1.0,0.0,0.0,1.0,37314.122,0.0,,,10.527127139876903,4.5718732271425
291,NY,21,NY-21,0.0,0.0,0.0,0.0,0.0,2545.394,0.0,,,7.8420407303618,3.4057550160566765
292,NY,22,NY-22,0.0,0.0,0.0,0.0,0.0,3508.07,0.0,,,8.162821307682954,3.545068250688993
293,NY,23,NY-23,0.0,0.0,0.0,0.0,0.0,37649.28500000002,0.0,,,10.536069242343864,4.575756732900515
294,NY,24,NY-24,0.0,0.0,0.0,0.0,0.0,3621.784,0.0,,,8.194722001104624,3.558922545810912
295,NY,25,NY-25,0.0,0.0,0.0,0.0,0.0,382249.915,0.0,,,12.853829901423724,5.5823473975113425
296,NY,26,NY-26,0.0,0.0,0.0,0.0,0.0,8233.160000000002,0.0,,,9.01592518109477,3.915566555402035
297,NY,27,NY-27,0.0,0.0,0.0,0.0,0.0,15736.370999999996,0.0,,,9.66372993630343,4.196904585939842
298,OH,1,OH-1,0.0,0.0,0.0,0.0,0.0,85606.10100000001,0.0,,,11.357511832954494,4.932504717203024
299,OH,2,OH-2,0.0,0.0,0.0,0.0,0.0,511.71,0.0,,,6.237758058320892,2.7090239041763056
300,OH,3,OH-3,0.0,0.0,0.0,0.0,0.0,43474.362,0.0,,,10.679926664014172,4.638233217312759
301,OH,4,OH-4,0.0,0.0,0.0,0.0,0.0,316.878,0.0,,,5.7585168417562524,2.500892088321682
302,OH,5,OH-5,0.0,0.0,0.0,0.0,0.0,569.8180000000001,0.0,,,6.3453170115964435,2.7557361640631677
303,OH,6,OH-6,0.0,0.0,0.0,0.0,0.0,108.125,0.0,,,4.683287965252044,2.0339261204728705
304,OH,7,OH-7,0.0,0.0,0.0,0.0,0.0,1933.69,0.0,,,7.567185373610171,3.286386851297894
305,OH,8,OH-8,0.0,0.0,0.0,0.0,0.0,2107.5260000000007,0.0,,,7.653270026691964,3.323772941107873
306,OH,9,OH-9,0.0,0.0,0.0,1.0,1.0,86431.04099999997,0.0,,,11.367102161103167,4.936669743797634
307,OH,10,OH-10,0.0,0.0,0.0,0.0,0.0,30814.640000000007,0.0,,,10.335745180706002,4.488757098338745
308,OH,11,OH-11,0.0,0.0,0.0,0.0,0.0,122717.697,0.0,,,11.717641850127732,5.088907196429084
309,OH,12,OH-12,0.0,1.0,0.0,0.0,1.0,3445.821,0.0,,,8.144917471455496,3.5372927134105088
310,OH,13,OH-13,0.0,0.0,0.0,0.0,0.0,2316.1820000000002,0.0,,,7.747675419370456,3.3647726822100514
311,OH,14,OH-14,0.0,0.0,0.0,0.0,0.0,2105.4410000000003,0.0,,,7.652280225361821,3.3233430758520113
312,OH,15,OH-15,0.0,0.0,0.0,0.0,0.0,18307.878000000004,0.0,,,9.81508673799778,4.262638009714224
313,OH,16,OH-16,1.0,1.0,0.0,0.0,1.0,707244.4580000001,44135.0,GRC,Glenn Research Center,13.469131653148665,5.849569552990889
314,OK,1,OK-1,0.0,0.0,0.0,0.0,0.0,451.759,0.0,,,6.113148851797407,2.6549068133888136
315,OK,2,OK-2,0.0,0.0,0.0,0.0,0.0,0.0,0.0,,,0.0,0.0
316,OK,3,OK-3,0.0,1.0,0.0,0.0,1.0,49570.654,0.0,,,10.811154284391375,4.6952246487158735
317,OK,4,OK-4,0.0,0.0,0.0,0.0,0.0,185920.984,0.0,,,12.133077045230644,5.26932840925068
318,OK,5,OK-5,0.0,1.0,2.0,0.0,3.0,10.455,0.0,,,2.347080332880597,1.0193240371536907
319,OR,1,OR-1,0.0,1.0,0.0,0.0,1.0,9827.472999999998,0.0,,,9.19293710989972,3.992441859313076
320,OR,2,OR-2,0.0,0.0,0.0,0.0,0.0,203.75,0.0,,,5.316893752120972,2.3090976174120144
321,OR,3,OR-3,0.0,0.0,0.0,0.0,0.0,12133.812999999998,0.0,,,9.403751297142348,4.083997297539469
322,OR,4,OR-4,0.0,0.0,0.0,0.0,0.0,39753.84600000001,0.0,,,10.590461870119023,4.599379150999485
323,OR,5,OR-5,0.0,0.0,0.0,0.0,0.0,4420.55,0.0,,,8.394019401719568,3.6454763071556435
324,PA,1,PA-1,0.0,0.0,0.0,0.0,0.0,4465.538000000001,0.0,,,8.404144978773099,3.6498737893960786
325,PA,2,PA-2,0.0,0.0,0.0,0.0,0.0,9320.306,0.0,,,9.139950739758683,3.969430171144741
326,PA,3,PA-3,0.0,0.0,0.0,0.0,0.0,21110.965,0.0,,,9.957547852729821,4.3245080857281355
327,PA,4,PA-4,0.0,0.0,0.0,0.0,0.0,2321.922,0.0,,,7.750150569962356,3.365847626453993
328,PA,5,PA-5,0.0,0.0,0.0,0.0,0.0,15188.284999999998,0.0,,,9.628279685989963,4.181508737846615
329,PA,6,PA-6,0.0,0.0,0.0,0.0,0.0,5430.036000000002,0.0,,,8.599701042740259,3.734802708879735
330,PA,7,PA-7,0.0,0.0,0.0,0.0,0.0,14277.175,0.0,,,9.566417387191159,4.154642282840444
331,PA,8,PA-8,0.0,0.0,0.0,1.0,1.0,4074.2090000000003,0.0,,,8.312431896403648,3.6100433038046873
332,PA,9,PA-9,0.0,0.0,0.0,0.0,0.0,3311.969,0.0,,,8.105298155557964,3.520086263139429
333,PA,10,PA-10,0.0,0.0,0.0,0.0,0.0,45.473,0.0,,,3.8171187432281224,1.657753606953449
334,PA,11,PA-11,0.0,0.0,0.0,0.0,0.0,3804.153,0.0,,,8.243848643676635,3.5802579755943693
335,PA,12,PA-12,0.0,0.0,0.0,0.0,0.0,119825.98199999999,0.0,,,11.69379581927904,5.078550996816204
336,PA,13,PA-13,0.0,0.0,0.0,0.0,0.0,1692.1760000000002,0.0,,,7.433770553669106,3.228445531193374
337,PA,14,PA-14,0.0,0.0,0.0,0.0,0.0,11521.356000000002,0.0,,,9.351957635656133,4.06150359615844
338,PA,15,PA-15,0.0,0.0,0.0,0.0,0.0,2017.635,0.0,,,7.60968131240357,3.304842603019166
339,PA,16,PA-16,0.0,0.0,0.0,0.0,0.0,1292.8209999999995,0.0,,,7.164581931446782,3.1115383979710796
340,PA,17,PA-17,0.0,1.0,0.0,0.0,1.0,1044.667,0.0,,,6.951453453328852,3.0189778759880244
341,PA,18,PA-18,0.0,0.0,0.0,0.0,0.0,62994.567,0.0,,,11.050803763559713,4.799303095109671
342,RI,1,RI-1,0.0,0.0,0.0,0.0,0.0,22304.33800000001,0.0,,,10.012536467677851,4.348389337767568
343,RI,2,RI-2,0.0,0.0,0.0,0.0,0.0,4059.038,0.0,,,8.308701278706875,3.6084231171248886
344,SC,1,SC-1,0.0,0.0,0.0,0.0,0.0,8641.171999999999,0.0,,,9.06429350074687,3.9365726497258753
345,SC,2,SC-2,0.0,0.0,0.0,0.0,0.0,7022.191999999999,0.0,,,8.856830698991999,3.846472699723546
346,SC,3,SC-3,0.0,0.0,0.0,0.0,0.0,8933.44,0.0,,,9.097556818058061,3.9510187248839217
347,SC,4,SC-4,0.0,0.0,0.0,0.0,0.0,8015.676999999999,0.0,,,8.989154528101627,3.903940208530166
348,SC,5,SC-5,0.0,1.0,0.0,0.0,1.0,378.96,0.0,,,5.937430658615496,2.5785933717199003
349,SC,6,SC-6,0.0,0.0,0.0,0.0,0.0,5188.176,0.0,,,8.554137469301931,3.715014700359676
350,SC,7,SC-7,0.0,0.0,0.0,0.0,0.0,155.70600000000005,0.0,,,5.047969613742946,2.192305348063851
351,SD,0,SD-0,0.0,0.0,0.0,0.0,0.0,21419.43899999999,0.0,,,9.972054153182572,4.3308080919675955
352,TN,1,TN-1,0.0,0.0,0.0,0.0,0.0,215.028,0.0,,,5.370768252206279,2.3324950155143593
353,TN,2,TN-2,0.0,0.0,0.0,0.0,0.0,29061.6,0.0,,,10.277172994108266,4.4633195209063405
354,TN,3,TN-3,0.0,0.0,0.0,0.0,0.0,2954.0530000000012,0.0,,,7.99093340470424,3.470418282919416
355,TN,4,TN-4,0.0,0.0,0.0,0.0,0.0,370.056,0.0,,,5.913654345537161,2.568267450149975
356,TN,5,TN-5,0.0,0.0,0.0,0.0,0.0,11762.946000000002,0.0,,,9.372709700284258,4.070516103314534
357,TN,6,TN-6,0.0,0.0,0.0,0.0,0.0,3840.728999999999,0.0,,,8.253417471313728,3.5844136646354423
358,TN,7,TN-7,0.0,0.0,0.0,0.0,0.0,11.78,0.0,,,2.4664031782234406,1.0711452904510828
359,TN,8,TN-8,0.0,0.0,0.0,0.0,0.0,0.0,0.0,,,0.0,0.0
360,TN,9,TN-9,0.0,1.0,0.0,0.0,1.0,1354.565,0.0,,,7.211235648561277,3.13179984987418
361,TX,1,TX-1,0.0,0.0,0.0,0.0,0.0,0.0,0.0,,,0.0,0.0
362,TX,2,TX-2,0.0,0.0,0.0,0.0,0.0,28857.14,0.0,,,10.270112728318123,4.460253286432911
363,TX,3,TX-3,0.0,0.0,0.0,0.0,0.0,8292.682999999999,0.0,,,9.023128838711566,3.9186950641545297
364,TX,4,TX-4,0.0,0.0,0.0,0.0,0.0,2100.279,0.0,,,7.649825472029643,3.3222769900254128
365,TX,5,TX-5,0.0,0.0,0.0,0.0,0.0,186651.76000000004,0.0,,,12.136999913711614,5.271032089385198
366,TX,6,TX-6,0.0,0.0,0.0,0.0,0.0,7269.403,0.0,,,8.891429448861313,3.86149874587254
367,TX,7,TX-7,0.0,1.0,0.0,0.0,1.0,856.903,0.0,,,6.7533247266608925,2.932931663289612
368,TX,8,TX-8,0.0,0.0,0.0,0.0,0.0,896.6200000000001,0.0,,,6.798632137963742,2.952608422007761
369,TX,9,TX-9,0.0,0.0,0.0,0.0,0.0,252440.637,0.0,,,12.438931399066883,5.402159267387843
370,TX,10,TX-10,0.0,0.0,0.0,0.0,0.0,16403.295000000002,0.0,,,9.705237508265794,4.2149310954003
371,TX,11,TX-11,0.0,0.0,0.0,0.0,0.0,865.4830000000002,0.0,,,6.763287732597827,2.937258541791192
372,TX,12,TX-12,0.0,0.0,0.0,0.0,0.0,22126.727000000006,0.0,,,10.004541523327056,4.344917177552894
373,TX,13,TX-13,0.0,0.0,0.0,0.0,0.0,0.0,0.0,,,0.0,0.0
374,TX,14,TX-14,0.0,1.0,0.0,0.0,1.0,9911.813,0.0,,,9.201482557110028,3.9961530998819086
375,TX,15,TX-15,0.0,0.0,0.0,0.0,0.0,0.0,0.0,,,0.0,0.0
376,TX,16,TX-16,0.0,0.0,0.0,0.0,0.0,19250.651,0.0,,,9.865300157325926,4.284445420645932
377,TX,17,TX-17,0.0,0.0,0.0,0.0,0.0,39764.03000000001,0.0,,,10.590718013783015,4.59949039277933
378,TX,18,TX-18,0.0,0.0,0.0,0.0,0.0,31451.942000000006,0.0,,,10.356216009029838,4.497647466119776
379,TX,19,TX-19,0.0,0.0,0.0,0.0,0.0,5047.749,0.0,,,8.526697680322396,3.703097751421274
380,TX,20,TX-20,0.0,0.0,0.0,0.0,0.0,949772.2630000005,0.0,,,13.76397751168064,5.977619482363353
381,TX,21,TX-21,0.0,0.0,0.0,0.0,0.0,6834.051999999999,0.0,,,8.829673041660044,3.8346782790028584
382,TX,22,TX-22,0.0,1.0,1.0,0.0,2.0,266666.535,0.0,,,12.493754224231832,5.425968517839328
383,TX,23,TX-23,0.0,0.0,0.0,0.0,0.0,2725.8740000000003,0.0,,,7.910544389618162,3.4355057772618953
384,TX,24,TX-24,0.0,0.0,0.0,0.0,0.0,23745.279,0.0,,,10.075139010756265,4.375577276779634
385,TX,25,TX-25,0.0,0.0,0.0,0.0,0.0,90302.784,0.0,,,11.410923569494608,4.955701139651266
386,TX,26,TX-26,0.0,0.0,0.0,0.0,0.0,2068.993,0.0,,,7.6348172944628745,3.315759021324741
387,TX,27,TX-27,0.0,1.0,0.0,0.0,1.0,5270.593000000001,0.0,,,8.569898158924254,3.7218594808936407
388,TX,28,TX-28,0.0,0.0,0.0,0.0,0.0,272.997,0.0,,,5.609460806113591,2.4361578745476993
389,TX,29,TX-29,0.0,0.0,0.0,0.0,0.0,308.9009999999999,0.0,,,5.733020837212918,2.4898193142379315
390,TX,30,TX-30,0.0,2.0,0.0,0.0,2.0,7186.086000000001,0.0,,,8.879901935316854,3.856492410350116
391,TX,31,TX-31,0.0,0.0,0.0,0.0,0.0,10237.802000000009,0.0,,,9.233842227115726,4.010206726001593
392,TX,32,TX-32,0.0,0.0,0.0,0.0,0.0,6632.88,0.0,,,8.79979437800053,3.8217021402488887
393,TX,33,TX-33,0.0,0.0,0.0,0.0,0.0,137.582,0.0,,,4.924220102988864,2.138561618405126
394,TX,34,TX-34,0.0,0.0,0.0,0.0,0.0,230.967,0.0,,,5.442274843173883,2.3635499333913024
395,TX,35,TX-35,0.0,0.0,0.0,0.0,0.0,34287.184,0.0,,,10.442526919016732,4.535131818055133
396,TX,36,TX-36,1.0,1.0,1.0,0.0,2.0,25450564.82500001,77058.0,JSC,Johnson Space Flight Center,17.052248494231232,7.405697425087659
397,UT,1,UT-1,0.0,0.0,0.0,0.0,0.0,4065219.683,0.0,,,15.217978342062228,6.6090840196808225
398,UT,2,UT-2,0.0,0.0,0.0,0.0,0.0,19782.477,0.0,,,9.892551824838922,4.296280669469488
399,UT,3,UT-3,0.0,0.0,0.0,0.0,0.0,9571.937999999998,0.0,,,9.166590971782046,3.9809998769091095
400,UT,4,UT-4,0.0,1.0,0.0,0.0,1.0,1386.2839999999994,0.0,,,7.234382064964345,3.1418522107938673
401,VA,1,VA-1,0.0,0.0,0.0,0.0,0.0,1614267.983,0.0,,,14.294392150584631,6.2079756331600615
402,VA,2,VA-2,0.0,0.0,0.0,0.0,0.0,1956688.833,0.0,,,14.486764231692103,6.291521766457282
403,VA,3,VA-3,1.0,0.0,0.0,0.0,0.0,435154.4359999999,23666.0,LaRC,Langley Research Center,12.983456272351612,5.638643415114469
404,VA,4,VA-4,0.0,0.0,0.0,0.0,0.0,915.5880000000003,0.0,,,6.819566481832631,2.961700092032284
405,VA,5,VA-5,0.0,0.0,0.0,0.0,0.0,22604.95,0.0,,,10.025924187826238,4.354203550753277
406,VA,6,VA-6,0.0,0.0,0.0,0.0,0.0,5999.6140000000005,0.0,,,8.699450412807382,3.778123309873212
407,VA,7,VA-7,0.0,0.0,0.0,0.0,0.0,2609.913,0.0,,,7.867072166427838,3.4166260306142706
408,VA,8,VA-8,0.0,1.0,1.0,0.0,2.0,571284.7089999999,0.0,,,13.255642979082172,5.75685259989497
409,VA,9,VA-9,0.0,0.0,0.0,0.0,0.0,27123.486999999986,0.0,,,10.208155310485221,4.4333455217551085
410,VA,10,VA-10,0.0,1.0,1.0,0.0,2.0,746762.7319999995,0.0,,,13.523502785815834,5.8731826358830705
411,VA,11,VA-11,0.0,0.0,0.0,0.0,0.0,2551184.092999999,0.0,,,14.752068159553497,6.406741798354744
412,VT,0,VT-0,0.0,0.0,0.0,0.0,0.0,9577.578000000001,0.0,,,9.167180020629347,3.9812556975730637
413,WA,2,WA-2,0.0,0.0,0.0,0.0,0.0,4535.367,0.0,,,8.419661285404993,3.656612435745829
414,WA,1,WA-1,0.0,0.0,0.0,0.0,0.0,201967.78300000008,0.0,,,12.215863473564434,5.305282098252524
415,WA,3,WA-3,0.0,1.0,0.0,0.0,1.0,142.123,0.0,,,4.956692879852074,2.1526643662088936
416,WA,4,WA-4,0.0,0.0,0.0,0.0,0.0,3888.78,0.0,,,8.265850762743325,3.5898133744952108
417,WA,5,WA-5,0.0,0.0,0.0,0.0,0.0,3569.7140000000004,0.0,,,8.180240759519725,3.5526334224994827
418,WA,6,WA-6,0.0,0.0,0.0,0.0,0.0,106.999,0.0,,,4.672819488623841,2.0293797188393095
419,WA,7,WA-7,0.0,0.0,0.0,0.0,0.0,124406.33400000006,0.0,,,11.731308374389734,5.0948424925028695
420,WA,8,WA-8,0.0,0.0,0.0,0.0,0.0,4633.624000000002,0.0,,,8.44109456229594,3.6659207896286716
421,WA,9,WA-9,0.0,0.0,0.0,0.0,0.0,7823.018000000001,0.0,,,8.964825692590013,3.893374329516341
422,WA,10,WA-10,0.0,0.0,0.0,0.0,0.0,288.23400000000004,0.0,,,5.6637726502365044,2.4597452087522704
423,WI,1,WI-1,0.0,0.0,0.0,0.0,0.0,4894.900999999999,0.0,,,8.495949330040988,3.68974391256643
424,WI,2,WI-2,0.0,0.0,0.0,0.0,0.0,76113.41300000003,0.0,,,11.23997978324643,4.881461196568033
425,WI,3,WI-3,0.0,0.0,0.0,0.0,0.0,1469.956,0.0,,,7.292987747352022,3.1673043352630104
426,WI,4,WI-4,0.0,0.0,0.0,0.0,0.0,2371.583,0.0,,,7.771312943651003,3.375038328570947
427,WI,5,WI-5,0.0,0.0,0.0,0.0,0.0,3933.699,0.0,,,8.277335483566262,3.594801125374812
428,WI,6,WI-6,0.0,0.0,0.0,0.0,0.0,3474.8830000000007,0.0,,,8.15331608836733,3.540940186390937
429,WI,7,WI-7,0.0,0.0,0.0,0.0,0.0,33.901,0.0,,,3.5234445124764053,1.5302125090607963
430,WI,8,WI-8,0.0,0.0,0.0,0.0,0.0,0.0,0.0,,,0.0,0.0
431,WV,1,WV-1,0.0,0.0,0.0,0.0,0.0,495612.0789999999,0.0,,,13.113548800917926,5.695141882407659
432,WV,2,WV-2,0.0,0.0,0.0,0.0,0.0,16.549,0.0,,,2.8063256770368064,1.2187717559604923
433,WV,3,WV-3,0.0,0.0,0.0,0.0,0.0,0.0,0.0,,,0.0,0.0
434,WY,0,WY-0,0.0,0.0,0.0,0.0,0.0,10360.466,0.0,,,9.245752495496854,4.015379289837504
